--------------------------------------------------------
--  File created - Friday-January-19-2024   
--------------------------------------------------------
--------------------------------------------------------
--  DDL for Table ANTRENORI
--------------------------------------------------------

  CREATE TABLE "SYSTEM"."ANTRENORI" 
   (	"ANTRENORID" NUMBER(*,0) DEFAULT 0, 
	"NUME" VARCHAR2(20 BYTE), 
	"VARSTA" NUMBER(*,0)
   ) PCTFREE 10 PCTUSED 40 INITRANS 1 MAXTRANS 255 
 NOCOMPRESS LOGGING
  STORAGE(INITIAL 65536 NEXT 1048576 MINEXTENTS 1 MAXEXTENTS 2147483645
  PCTINCREASE 0 FREELISTS 1 FREELIST GROUPS 1
  BUFFER_POOL DEFAULT FLASH_CACHE DEFAULT CELL_FLASH_CACHE DEFAULT)
  TABLESPACE "SYSTEM" ;
--------------------------------------------------------
--  DDL for Table CAPITANI
--------------------------------------------------------

  CREATE TABLE "SYSTEM"."CAPITANI" 
   (	"CAPITANID" NUMBER(*,0) DEFAULT 0, 
	"NUME" VARCHAR2(50 BYTE), 
	"VARSTA" NUMBER(*,0) DEFAULT 0
   ) PCTFREE 10 PCTUSED 40 INITRANS 1 MAXTRANS 255 
 NOCOMPRESS LOGGING
  STORAGE(INITIAL 65536 NEXT 1048576 MINEXTENTS 1 MAXEXTENTS 2147483645
  PCTINCREASE 0 FREELISTS 1 FREELIST GROUPS 1
  BUFFER_POOL DEFAULT FLASH_CACHE DEFAULT CELL_FLASH_CACHE DEFAULT)
  TABLESPACE "SYSTEM" ;
--------------------------------------------------------
--  DDL for Table ECHIPE
--------------------------------------------------------

  CREATE TABLE "SYSTEM"."ECHIPE" 
   (	"ECHIPAID" NUMBER(*,0) DEFAULT 0, 
	"GRUPAID" NUMBER(*,0), 
	"DENUMIRETARA" VARCHAR2(50 BYTE), 
	"ANTRENORID" NUMBER(*,0), 
	"CELMAIBUNREZULTAT" VARCHAR2(20 BYTE), 
	"CAPITANID" NUMBER
   ) PCTFREE 10 PCTUSED 40 INITRANS 1 MAXTRANS 255 
 NOCOMPRESS LOGGING
  STORAGE(INITIAL 65536 NEXT 1048576 MINEXTENTS 1 MAXEXTENTS 2147483645
  PCTINCREASE 0 FREELISTS 1 FREELIST GROUPS 1
  BUFFER_POOL DEFAULT FLASH_CACHE DEFAULT CELL_FLASH_CACHE DEFAULT)
  TABLESPACE "SYSTEM" ;
--------------------------------------------------------
--  DDL for Table GRUPE
--------------------------------------------------------

  CREATE TABLE "SYSTEM"."GRUPE" 
   (	"GRUPAID" NUMBER(*,0) DEFAULT 0, 
	"DENUMIRE" VARCHAR2(20 BYTE)
   ) PCTFREE 10 PCTUSED 40 INITRANS 1 MAXTRANS 255 
 NOCOMPRESS LOGGING
  STORAGE(INITIAL 65536 NEXT 1048576 MINEXTENTS 1 MAXEXTENTS 2147483645
  PCTINCREASE 0 FREELISTS 1 FREELIST GROUPS 1
  BUFFER_POOL DEFAULT FLASH_CACHE DEFAULT CELL_FLASH_CACHE DEFAULT)
  TABLESPACE "SYSTEM" ;
--------------------------------------------------------
--  DDL for Table MECIURI
--------------------------------------------------------

  CREATE TABLE "SYSTEM"."MECIURI" 
   (	"MECIID" NUMBER DEFAULT 0, 
	"STADIONID" NUMBER DEFAULT 0, 
	"DATAMECI" DATE, 
	"ECHIPA1ID" NUMBER DEFAULT 0, 
	"ECHIPA2ID" NUMBER DEFAULT 0, 
	"ECHIPA1SCOR" NUMBER DEFAULT 0, 
	"ECHIPA2SCOR" NUMBER DEFAULT 0, 
	"TIPMECI" VARCHAR2(30 BYTE), 
	"SCOR1PEN" NUMBER, 
	"SCOR2PEN" NUMBER
   ) PCTFREE 10 PCTUSED 40 INITRANS 1 MAXTRANS 255 
 NOCOMPRESS LOGGING
  STORAGE(INITIAL 65536 NEXT 1048576 MINEXTENTS 1 MAXEXTENTS 2147483645
  PCTINCREASE 0 FREELISTS 1 FREELIST GROUPS 1
  BUFFER_POOL DEFAULT FLASH_CACHE DEFAULT CELL_FLASH_CACHE DEFAULT)
  TABLESPACE "SYSTEM" ;
--------------------------------------------------------
--  DDL for Table MECIURIFAVORITE
--------------------------------------------------------

  CREATE TABLE "SYSTEM"."MECIURIFAVORITE" 
   (	"MECIID" NUMBER DEFAULT 60001, 
	"STADIONID" NUMBER, 
	"ECHIPA1ID" NUMBER, 
	"ECHIPA2ID" NUMBER, 
	"ECHIPA1SCOR" NUMBER, 
	"ECHIPA2SCOR" NUMBER, 
	"TIPMECI" NUMBER, 
	"SCOR1PEN" NUMBER, 
	"SCOR2PEN" NUMBER
   ) PCTFREE 10 PCTUSED 40 INITRANS 1 MAXTRANS 255 
 NOCOMPRESS LOGGING
  STORAGE(INITIAL 65536 NEXT 1048576 MINEXTENTS 1 MAXEXTENTS 2147483645
  PCTINCREASE 0 FREELISTS 1 FREELIST GROUPS 1
  BUFFER_POOL DEFAULT FLASH_CACHE DEFAULT CELL_FLASH_CACHE DEFAULT)
  TABLESPACE "SYSTEM" ;
--------------------------------------------------------
--  DDL for Table STADIOANE
--------------------------------------------------------

  CREATE TABLE "SYSTEM"."STADIOANE" 
   (	"STADIONID" NUMBER(*,0) DEFAULT NULL, 
	"DENUMIRE" VARCHAR2(50 BYTE), 
	"CAPACITATE" NUMBER(*,0) DEFAULT 0
   ) PCTFREE 10 PCTUSED 40 INITRANS 1 MAXTRANS 255 
 NOCOMPRESS LOGGING
  STORAGE(INITIAL 65536 NEXT 1048576 MINEXTENTS 1 MAXEXTENTS 2147483645
  PCTINCREASE 0 FREELISTS 1 FREELIST GROUPS 1
  BUFFER_POOL DEFAULT FLASH_CACHE DEFAULT CELL_FLASH_CACHE DEFAULT)
  TABLESPACE "SYSTEM" ;
REM INSERTING into SYSTEM.ANTRENORI
SET DEFINE OFF;
Insert into SYSTEM.ANTRENORI (ANTRENORID,NUME,VARSTA) values (11111,'Carlos Queiroz',70);
Insert into SYSTEM.ANTRENORI (ANTRENORID,NUME,VARSTA) values (11112,'Miguel Angel Ramirez',39);
Insert into SYSTEM.ANTRENORI (ANTRENORID,NUME,VARSTA) values (11113,'Aliou Cisse',47);
Insert into SYSTEM.ANTRENORI (ANTRENORID,NUME,VARSTA) values (11114,'Ronald Koeman',60);
Insert into SYSTEM.ANTRENORI (ANTRENORID,NUME,VARSTA) values (11115,'Gareth Southgate',53);
Insert into SYSTEM.ANTRENORI (ANTRENORID,NUME,VARSTA) values (11116,'Amir Ghalenoei',59);
Insert into SYSTEM.ANTRENORI (ANTRENORID,NUME,VARSTA) values (11117,'Gregg Berhalter',50);
Insert into SYSTEM.ANTRENORI (ANTRENORID,NUME,VARSTA) values (11118,'Robert John Page',49);
Insert into SYSTEM.ANTRENORI (ANTRENORID,NUME,VARSTA) values (11119,'Lionel Scaloni',45);
Insert into SYSTEM.ANTRENORI (ANTRENORID,NUME,VARSTA) values (11120,'Roberto Mancini',58);
Insert into SYSTEM.ANTRENORI (ANTRENORID,NUME,VARSTA) values (11121,'Jaime Lozano',45);
Insert into SYSTEM.ANTRENORI (ANTRENORID,NUME,VARSTA) values (11122,'Michal Probierz',51);
Insert into SYSTEM.ANTRENORI (ANTRENORID,NUME,VARSTA) values (11123,'Didier Deschamps',55);
Insert into SYSTEM.ANTRENORI (ANTRENORID,NUME,VARSTA) values (11124,'Graham Arnold',60);
Insert into SYSTEM.ANTRENORI (ANTRENORID,NUME,VARSTA) values (11125,'Kasper Hjulmand',51);
Insert into SYSTEM.ANTRENORI (ANTRENORID,NUME,VARSTA) values (11126,'Jalel Kadri',51);
Insert into SYSTEM.ANTRENORI (ANTRENORID,NUME,VARSTA) values (11127,'Luis de la Fuente',62);
Insert into SYSTEM.ANTRENORI (ANTRENORID,NUME,VARSTA) values (11128,'Gustavo Alfaro',61);
Insert into SYSTEM.ANTRENORI (ANTRENORID,NUME,VARSTA) values (11129,'Julian Nagelsmann',36);
Insert into SYSTEM.ANTRENORI (ANTRENORID,NUME,VARSTA) values (11130,'Hajime Moriyasu',55);
Insert into SYSTEM.ANTRENORI (ANTRENORID,NUME,VARSTA) values (11131,'Domenico Tedesco',38);
Insert into SYSTEM.ANTRENORI (ANTRENORID,NUME,VARSTA) values (11132,'Mauro Biello',51);
Insert into SYSTEM.ANTRENORI (ANTRENORID,NUME,VARSTA) values (11133,'Walid Regragui',48);
Insert into SYSTEM.ANTRENORI (ANTRENORID,NUME,VARSTA) values (11134,'Zlatko Dalic',57);
Insert into SYSTEM.ANTRENORI (ANTRENORID,NUME,VARSTA) values (11135,'Fernando Diniz',49);
Insert into SYSTEM.ANTRENORI (ANTRENORID,NUME,VARSTA) values (11136,'Dragan Stojkovic',58);
Insert into SYSTEM.ANTRENORI (ANTRENORID,NUME,VARSTA) values (11137,'Murat Yakin',49);
Insert into SYSTEM.ANTRENORI (ANTRENORID,NUME,VARSTA) values (11138,'Rigobert Song',47);
Insert into SYSTEM.ANTRENORI (ANTRENORID,NUME,VARSTA) values (11139,'Roberto Martinez',50);
Insert into SYSTEM.ANTRENORI (ANTRENORID,NUME,VARSTA) values (11140,'Chris Hughton',64);
Insert into SYSTEM.ANTRENORI (ANTRENORID,NUME,VARSTA) values (11141,'Marcelo Bielsa',68);
Insert into SYSTEM.ANTRENORI (ANTRENORID,NUME,VARSTA) values (11142,'Jurgen Klinsmann',59);
REM INSERTING into SYSTEM.CAPITANI
SET DEFINE OFF;
Insert into SYSTEM.CAPITANI (CAPITANID,NUME,VARSTA) values (21111,'Hassan Al-Haydos',32);
Insert into SYSTEM.CAPITANI (CAPITANID,NUME,VARSTA) values (21112,'Enner Valencia',34);
Insert into SYSTEM.CAPITANI (CAPITANID,NUME,VARSTA) values (21113,'Kalidou Koulibaly',32);
Insert into SYSTEM.CAPITANI (CAPITANID,NUME,VARSTA) values (21114,'Virgil van Dijk',32);
Insert into SYSTEM.CAPITANI (CAPITANID,NUME,VARSTA) values (21115,'Harry Kane',30);
Insert into SYSTEM.CAPITANI (CAPITANID,NUME,VARSTA) values (21116,'Ehsan Hajsafi',33);
Insert into SYSTEM.CAPITANI (CAPITANID,NUME,VARSTA) values (21117,'Christian Pulisic',25);
Insert into SYSTEM.CAPITANI (CAPITANID,NUME,VARSTA) values (21118,'Aaron Rmasey',32);
Insert into SYSTEM.CAPITANI (CAPITANID,NUME,VARSTA) values (21119,'Lionel Messi',36);
Insert into SYSTEM.CAPITANI (CAPITANID,NUME,VARSTA) values (21120,'Salman Al-Faraj',34);
Insert into SYSTEM.CAPITANI (CAPITANID,NUME,VARSTA) values (21121,'Guillermo Ochoa',38);
Insert into SYSTEM.CAPITANI (CAPITANID,NUME,VARSTA) values (21122,'Robert Lewandowski',35);
Insert into SYSTEM.CAPITANI (CAPITANID,NUME,VARSTA) values (21123,'Kylian Mbappe',24);
Insert into SYSTEM.CAPITANI (CAPITANID,NUME,VARSTA) values (21124,'Matthew Ryan',31);
Insert into SYSTEM.CAPITANI (CAPITANID,NUME,VARSTA) values (21125,'Simon Kjaer',70);
Insert into SYSTEM.CAPITANI (CAPITANID,NUME,VARSTA) values (21126,'Youssef Msakni',33);
Insert into SYSTEM.CAPITANI (CAPITANID,NUME,VARSTA) values (21127,'Alvaro Morata',31);
Insert into SYSTEM.CAPITANI (CAPITANID,NUME,VARSTA) values (21128,'Keylor Navas',36);
Insert into SYSTEM.CAPITANI (CAPITANID,NUME,VARSTA) values (21129,'Ilkay Gundogan',33);
Insert into SYSTEM.CAPITANI (CAPITANID,NUME,VARSTA) values (21130,'Wataru Endo',30);
Insert into SYSTEM.CAPITANI (CAPITANID,NUME,VARSTA) values (21131,'Kevin de Bruyne',32);
Insert into SYSTEM.CAPITANI (CAPITANID,NUME,VARSTA) values (21132,'Milan Borjan',36);
Insert into SYSTEM.CAPITANI (CAPITANID,NUME,VARSTA) values (21133,'Romain Saiss',33);
Insert into SYSTEM.CAPITANI (CAPITANID,NUME,VARSTA) values (21134,'Luka Modric',38);
Insert into SYSTEM.CAPITANI (CAPITANID,NUME,VARSTA) values (21135,'Carlos Henrique Casimiro',31);
Insert into SYSTEM.CAPITANI (CAPITANID,NUME,VARSTA) values (21136,'Dusan Tadic',34);
Insert into SYSTEM.CAPITANI (CAPITANID,NUME,VARSTA) values (21137,'Granit Xhaka',31);
Insert into SYSTEM.CAPITANI (CAPITANID,NUME,VARSTA) values (21138,'Vincent Aboubakar',31);
Insert into SYSTEM.CAPITANI (CAPITANID,NUME,VARSTA) values (21139,'Cristiano Ronaldo',38);
Insert into SYSTEM.CAPITANI (CAPITANID,NUME,VARSTA) values (21140,'Andre Ayew',33);
Insert into SYSTEM.CAPITANI (CAPITANID,NUME,VARSTA) values (21141,'Federico Valverde',25);
Insert into SYSTEM.CAPITANI (CAPITANID,NUME,VARSTA) values (21142,'Son Heung-Min',31);
REM INSERTING into SYSTEM.ECHIPE
SET DEFINE OFF;
Insert into SYSTEM.ECHIPE (ECHIPAID,GRUPAID,DENUMIRETARA,ANTRENORID,CELMAIBUNREZULTAT,CAPITANID) values (1111,111,'Bulgaria',11111,'FAZA GRUPELOR',21111);
Insert into SYSTEM.ECHIPE (ECHIPAID,GRUPAID,DENUMIRETARA,ANTRENORID,CELMAIBUNREZULTAT,CAPITANID) values (1112,111,'Ecuador',11112,'FAZA GRUPELOR',21112);
Insert into SYSTEM.ECHIPE (ECHIPAID,GRUPAID,DENUMIRETARA,ANTRENORID,CELMAIBUNREZULTAT,CAPITANID) values (1113,111,'Senegal',11113,'OPTIMI',21113);
Insert into SYSTEM.ECHIPE (ECHIPAID,GRUPAID,DENUMIRETARA,ANTRENORID,CELMAIBUNREZULTAT,CAPITANID) values (1114,111,'Tarile de Jos',11114,'SFERTURI',21114);
Insert into SYSTEM.ECHIPE (ECHIPAID,GRUPAID,DENUMIRETARA,ANTRENORID,CELMAIBUNREZULTAT,CAPITANID) values (1115,112,'Anglia',11115,'SFERTURI',21115);
Insert into SYSTEM.ECHIPE (ECHIPAID,GRUPAID,DENUMIRETARA,ANTRENORID,CELMAIBUNREZULTAT,CAPITANID) values (1116,112,'Iran',11116,'FAZA GRUPELOR',21116);
Insert into SYSTEM.ECHIPE (ECHIPAID,GRUPAID,DENUMIRETARA,ANTRENORID,CELMAIBUNREZULTAT,CAPITANID) values (1117,112,'Statele Unite',11117,'OPTIMI',21117);
Insert into SYSTEM.ECHIPE (ECHIPAID,GRUPAID,DENUMIRETARA,ANTRENORID,CELMAIBUNREZULTAT,CAPITANID) values (1118,112,'Tara Galilor',11118,'FAZA GRUPELOR',21118);
Insert into SYSTEM.ECHIPE (ECHIPAID,GRUPAID,DENUMIRETARA,ANTRENORID,CELMAIBUNREZULTAT,CAPITANID) values (1119,113,'Argentina',11119,'FINALA',21119);
Insert into SYSTEM.ECHIPE (ECHIPAID,GRUPAID,DENUMIRETARA,ANTRENORID,CELMAIBUNREZULTAT,CAPITANID) values (1120,113,'Arabia Saudita',11120,'FAZA GRUPELOR',21120);
Insert into SYSTEM.ECHIPE (ECHIPAID,GRUPAID,DENUMIRETARA,ANTRENORID,CELMAIBUNREZULTAT,CAPITANID) values (1121,113,'Mexic',11121,'FAZA GRUPELOR',21121);
Insert into SYSTEM.ECHIPE (ECHIPAID,GRUPAID,DENUMIRETARA,ANTRENORID,CELMAIBUNREZULTAT,CAPITANID) values (1122,113,'Polonia',11122,'OPTIMI',21122);
Insert into SYSTEM.ECHIPE (ECHIPAID,GRUPAID,DENUMIRETARA,ANTRENORID,CELMAIBUNREZULTAT,CAPITANID) values (1123,114,'Franta',11123,'FINALA',21123);
Insert into SYSTEM.ECHIPE (ECHIPAID,GRUPAID,DENUMIRETARA,ANTRENORID,CELMAIBUNREZULTAT,CAPITANID) values (1124,114,'Australia',11124,'OPTIMI',21124);
Insert into SYSTEM.ECHIPE (ECHIPAID,GRUPAID,DENUMIRETARA,ANTRENORID,CELMAIBUNREZULTAT,CAPITANID) values (1125,114,'Danemarca',11125,'FAZA GRUPELOR',21125);
Insert into SYSTEM.ECHIPE (ECHIPAID,GRUPAID,DENUMIRETARA,ANTRENORID,CELMAIBUNREZULTAT,CAPITANID) values (1126,114,'Tunisia',11126,'FAZA GRUPELOR',21126);
Insert into SYSTEM.ECHIPE (ECHIPAID,GRUPAID,DENUMIRETARA,ANTRENORID,CELMAIBUNREZULTAT,CAPITANID) values (1127,115,'Spania',11127,'OPTIMI',21127);
Insert into SYSTEM.ECHIPE (ECHIPAID,GRUPAID,DENUMIRETARA,ANTRENORID,CELMAIBUNREZULTAT,CAPITANID) values (1128,115,'Costa Rica',11128,'FAZA GRUPELOR',21128);
Insert into SYSTEM.ECHIPE (ECHIPAID,GRUPAID,DENUMIRETARA,ANTRENORID,CELMAIBUNREZULTAT,CAPITANID) values (1129,115,'Germania',11129,'FAZA GRUPELOR',21129);
Insert into SYSTEM.ECHIPE (ECHIPAID,GRUPAID,DENUMIRETARA,ANTRENORID,CELMAIBUNREZULTAT,CAPITANID) values (1130,115,'Japonia',11130,'OPTIMI',21130);
Insert into SYSTEM.ECHIPE (ECHIPAID,GRUPAID,DENUMIRETARA,ANTRENORID,CELMAIBUNREZULTAT,CAPITANID) values (1131,116,'Belgia',11131,'FAZA GRUPELOR',21131);
Insert into SYSTEM.ECHIPE (ECHIPAID,GRUPAID,DENUMIRETARA,ANTRENORID,CELMAIBUNREZULTAT,CAPITANID) values (1132,116,'Canada',11132,'FAZA GRUPELOR',21132);
Insert into SYSTEM.ECHIPE (ECHIPAID,GRUPAID,DENUMIRETARA,ANTRENORID,CELMAIBUNREZULTAT,CAPITANID) values (1133,116,'Maroc',11133,'SEMIFINALA',21133);
Insert into SYSTEM.ECHIPE (ECHIPAID,GRUPAID,DENUMIRETARA,ANTRENORID,CELMAIBUNREZULTAT,CAPITANID) values (1134,116,'Croatia',11134,'SEMIFINALA',21134);
Insert into SYSTEM.ECHIPE (ECHIPAID,GRUPAID,DENUMIRETARA,ANTRENORID,CELMAIBUNREZULTAT,CAPITANID) values (1135,117,'Brazilia',11135,'SFERTURI',21135);
Insert into SYSTEM.ECHIPE (ECHIPAID,GRUPAID,DENUMIRETARA,ANTRENORID,CELMAIBUNREZULTAT,CAPITANID) values (1136,117,'Serbia',11136,'FAZA GRUPELOR',21136);
Insert into SYSTEM.ECHIPE (ECHIPAID,GRUPAID,DENUMIRETARA,ANTRENORID,CELMAIBUNREZULTAT,CAPITANID) values (1137,117,'Elvetia',11137,'OPTIMI',21137);
Insert into SYSTEM.ECHIPE (ECHIPAID,GRUPAID,DENUMIRETARA,ANTRENORID,CELMAIBUNREZULTAT,CAPITANID) values (1138,117,'Camerun',11138,'FAZA GRUPELOR',21138);
Insert into SYSTEM.ECHIPE (ECHIPAID,GRUPAID,DENUMIRETARA,ANTRENORID,CELMAIBUNREZULTAT,CAPITANID) values (1139,118,'Portugalia',11139,'SFERTURI',21139);
Insert into SYSTEM.ECHIPE (ECHIPAID,GRUPAID,DENUMIRETARA,ANTRENORID,CELMAIBUNREZULTAT,CAPITANID) values (1140,118,'Ghana',11140,'FAZA GRUPELOR',21140);
Insert into SYSTEM.ECHIPE (ECHIPAID,GRUPAID,DENUMIRETARA,ANTRENORID,CELMAIBUNREZULTAT,CAPITANID) values (1141,118,'Uruguay',11141,'FAZA GRUPELOR',21141);
Insert into SYSTEM.ECHIPE (ECHIPAID,GRUPAID,DENUMIRETARA,ANTRENORID,CELMAIBUNREZULTAT,CAPITANID) values (1142,118,'Coreea de Sud',11142,'OPTIMI',21142);
REM INSERTING into SYSTEM.GRUPE
SET DEFINE OFF;
Insert into SYSTEM.GRUPE (GRUPAID,DENUMIRE) values (111,'A');
Insert into SYSTEM.GRUPE (GRUPAID,DENUMIRE) values (112,'B');
Insert into SYSTEM.GRUPE (GRUPAID,DENUMIRE) values (113,'C');
Insert into SYSTEM.GRUPE (GRUPAID,DENUMIRE) values (114,'D');
Insert into SYSTEM.GRUPE (GRUPAID,DENUMIRE) values (115,'E');
Insert into SYSTEM.GRUPE (GRUPAID,DENUMIRE) values (116,'F');
Insert into SYSTEM.GRUPE (GRUPAID,DENUMIRE) values (117,'G');
Insert into SYSTEM.GRUPE (GRUPAID,DENUMIRE) values (118,'H');
REM INSERTING into SYSTEM.MECIURI
SET DEFINE OFF;
Insert into SYSTEM.MECIURI (MECIID,STADIONID,DATAMECI,ECHIPA1ID,ECHIPA2ID,ECHIPA1SCOR,ECHIPA2SCOR,TIPMECI,SCOR1PEN,SCOR2PEN) values (51111,315,to_date('03-DEC-22','DD-MON-RR'),1114,1117,3,1,'OPTIMI',-1,-1);
Insert into SYSTEM.MECIURI (MECIID,STADIONID,DATAMECI,ECHIPA1ID,ECHIPA2ID,ECHIPA1SCOR,ECHIPA2SCOR,TIPMECI,SCOR1PEN,SCOR2PEN) values (51112,313,to_date('03-DEC-22','DD-MON-RR'),1119,1124,2,1,'OPTIMI',-1,-1);
Insert into SYSTEM.MECIURI (MECIID,STADIONID,DATAMECI,ECHIPA1ID,ECHIPA2ID,ECHIPA1SCOR,ECHIPA2SCOR,TIPMECI,SCOR1PEN,SCOR2PEN) values (51113,316,to_date('04-DEC-22','DD-MON-RR'),1123,1122,3,1,'OPTIMI',-1,-1);
Insert into SYSTEM.MECIURI (MECIID,STADIONID,DATAMECI,ECHIPA1ID,ECHIPA2ID,ECHIPA1SCOR,ECHIPA2SCOR,TIPMECI,SCOR1PEN,SCOR2PEN) values (51114,311,to_date('04-DEC-22','DD-MON-RR'),1115,1113,3,0,'OPTIMI',-1,-1);
Insert into SYSTEM.MECIURI (MECIID,STADIONID,DATAMECI,ECHIPA1ID,ECHIPA2ID,ECHIPA1SCOR,ECHIPA2SCOR,TIPMECI,SCOR1PEN,SCOR2PEN) values (51115,318,to_date('05-DEC-22','DD-MON-RR'),1130,1134,1,1,'OPTIMI',1,3);
Insert into SYSTEM.MECIURI (MECIID,STADIONID,DATAMECI,ECHIPA1ID,ECHIPA2ID,ECHIPA1SCOR,ECHIPA2SCOR,TIPMECI,SCOR1PEN,SCOR2PEN) values (51116,316,to_date('05-DEC-22','DD-MON-RR'),1135,1142,4,1,'OPTIMI',-1,-1);
Insert into SYSTEM.MECIURI (MECIID,STADIONID,DATAMECI,ECHIPA1ID,ECHIPA2ID,ECHIPA1SCOR,ECHIPA2SCOR,TIPMECI,SCOR1PEN,SCOR2PEN) values (51117,314,to_date('06-DEC-22','DD-MON-RR'),1133,1127,0,0,'OPTIMI',3,0);
Insert into SYSTEM.MECIURI (MECIID,STADIONID,DATAMECI,ECHIPA1ID,ECHIPA2ID,ECHIPA1SCOR,ECHIPA2SCOR,TIPMECI,SCOR1PEN,SCOR2PEN) values (51118,312,to_date('06-DEC-22','DD-MON-RR'),1139,1137,6,1,'OPTIMI',-1,-1);
Insert into SYSTEM.MECIURI (MECIID,STADIONID,DATAMECI,ECHIPA1ID,ECHIPA2ID,ECHIPA1SCOR,ECHIPA2SCOR,TIPMECI,SCOR1PEN,SCOR2PEN) values (51119,314,to_date('09-DEC-22','DD-MON-RR'),1134,1135,1,1,'SFERTURI',4,2);
Insert into SYSTEM.MECIURI (MECIID,STADIONID,DATAMECI,ECHIPA1ID,ECHIPA2ID,ECHIPA1SCOR,ECHIPA2SCOR,TIPMECI,SCOR1PEN,SCOR2PEN) values (51120,312,to_date('09-DEC-22','DD-MON-RR'),1114,1119,2,2,'SFERTURI',3,4);
Insert into SYSTEM.MECIURI (MECIID,STADIONID,DATAMECI,ECHIPA1ID,ECHIPA2ID,ECHIPA1SCOR,ECHIPA2SCOR,TIPMECI,SCOR1PEN,SCOR2PEN) values (51121,316,to_date('10-DEC-22','DD-MON-RR'),1133,1139,1,0,'SFERTURI',-1,-1);
Insert into SYSTEM.MECIURI (MECIID,STADIONID,DATAMECI,ECHIPA1ID,ECHIPA2ID,ECHIPA1SCOR,ECHIPA2SCOR,TIPMECI,SCOR1PEN,SCOR2PEN) values (51122,311,to_date('10-DEC-22','DD-MON-RR'),1115,1123,1,2,'SFERTURI',-1,-1);
Insert into SYSTEM.MECIURI (MECIID,STADIONID,DATAMECI,ECHIPA1ID,ECHIPA2ID,ECHIPA1SCOR,ECHIPA2SCOR,TIPMECI,SCOR1PEN,SCOR2PEN) values (51123,312,to_date('13-DEC-22','DD-MON-RR'),1119,1134,3,0,'SEMIFINALE',-1,-1);
Insert into SYSTEM.MECIURI (MECIID,STADIONID,DATAMECI,ECHIPA1ID,ECHIPA2ID,ECHIPA1SCOR,ECHIPA2SCOR,TIPMECI,SCOR1PEN,SCOR2PEN) values (51124,311,to_date('14-DEC-22','DD-MON-RR'),1123,1133,2,0,'SEMIFINALE',-1,-1);
Insert into SYSTEM.MECIURI (MECIID,STADIONID,DATAMECI,ECHIPA1ID,ECHIPA2ID,ECHIPA1SCOR,ECHIPA2SCOR,TIPMECI,SCOR1PEN,SCOR2PEN) values (51125,315,to_date('17-DEC-22','DD-MON-RR'),1134,1133,2,1,'FINALA MICA',-1,-1);
Insert into SYSTEM.MECIURI (MECIID,STADIONID,DATAMECI,ECHIPA1ID,ECHIPA2ID,ECHIPA1SCOR,ECHIPA2SCOR,TIPMECI,SCOR1PEN,SCOR2PEN) values (51126,312,to_date('18-DEC-22','DD-MON-RR'),1119,1123,3,3,'FINALA',4,2);
REM INSERTING into SYSTEM.MECIURIFAVORITE
SET DEFINE OFF;
REM INSERTING into SYSTEM.STADIOANE
SET DEFINE OFF;
Insert into SYSTEM.STADIOANE (STADIONID,DENUMIRE,CAPACITATE) values (311,'AlBayt',68895);
Insert into SYSTEM.STADIOANE (STADIONID,DENUMIRE,CAPACITATE) values (312,'Lusail',88966);
Insert into SYSTEM.STADIOANE (STADIONID,DENUMIRE,CAPACITATE) values (313,'Ahmad bin Ali',45032);
Insert into SYSTEM.STADIOANE (STADIONID,DENUMIRE,CAPACITATE) values (314,'Education City Stadium',44667);
Insert into SYSTEM.STADIOANE (STADIONID,DENUMIRE,CAPACITATE) values (315,'Khalifa International Stadium',45857);
Insert into SYSTEM.STADIOANE (STADIONID,DENUMIRE,CAPACITATE) values (316,'Al Thumama',44400);
Insert into SYSTEM.STADIOANE (STADIONID,DENUMIRE,CAPACITATE) values (317,'Stadium 974',44089);
Insert into SYSTEM.STADIOANE (STADIONID,DENUMIRE,CAPACITATE) values (318,'Al Janoub',44325);
--------------------------------------------------------
--  DDL for Index ANTRENORI_PK
--------------------------------------------------------

  CREATE UNIQUE INDEX "SYSTEM"."ANTRENORI_PK" ON "SYSTEM"."ANTRENORI" ("ANTRENORID") 
  PCTFREE 10 INITRANS 2 MAXTRANS 255 COMPUTE STATISTICS 
  STORAGE(INITIAL 65536 NEXT 1048576 MINEXTENTS 1 MAXEXTENTS 2147483645
  PCTINCREASE 0 FREELISTS 1 FREELIST GROUPS 1
  BUFFER_POOL DEFAULT FLASH_CACHE DEFAULT CELL_FLASH_CACHE DEFAULT)
  TABLESPACE "SYSTEM" ;
--------------------------------------------------------
--  DDL for Index CAPITANI_PK
--------------------------------------------------------

  CREATE UNIQUE INDEX "SYSTEM"."CAPITANI_PK" ON "SYSTEM"."CAPITANI" ("CAPITANID") 
  PCTFREE 10 INITRANS 2 MAXTRANS 255 COMPUTE STATISTICS 
  STORAGE(INITIAL 65536 NEXT 1048576 MINEXTENTS 1 MAXEXTENTS 2147483645
  PCTINCREASE 0 FREELISTS 1 FREELIST GROUPS 1
  BUFFER_POOL DEFAULT FLASH_CACHE DEFAULT CELL_FLASH_CACHE DEFAULT)
  TABLESPACE "SYSTEM" ;
--------------------------------------------------------
--  DDL for Index ECHIPE_PK
--------------------------------------------------------

  CREATE UNIQUE INDEX "SYSTEM"."ECHIPE_PK" ON "SYSTEM"."ECHIPE" ("ECHIPAID") 
  PCTFREE 10 INITRANS 2 MAXTRANS 255 COMPUTE STATISTICS 
  STORAGE(INITIAL 65536 NEXT 1048576 MINEXTENTS 1 MAXEXTENTS 2147483645
  PCTINCREASE 0 FREELISTS 1 FREELIST GROUPS 1
  BUFFER_POOL DEFAULT FLASH_CACHE DEFAULT CELL_FLASH_CACHE DEFAULT)
  TABLESPACE "SYSTEM" ;
--------------------------------------------------------
--  DDL for Index GRUPE_PK
--------------------------------------------------------

  CREATE UNIQUE INDEX "SYSTEM"."GRUPE_PK" ON "SYSTEM"."GRUPE" ("GRUPAID") 
  PCTFREE 10 INITRANS 2 MAXTRANS 255 COMPUTE STATISTICS 
  STORAGE(INITIAL 65536 NEXT 1048576 MINEXTENTS 1 MAXEXTENTS 2147483645
  PCTINCREASE 0 FREELISTS 1 FREELIST GROUPS 1
  BUFFER_POOL DEFAULT FLASH_CACHE DEFAULT CELL_FLASH_CACHE DEFAULT)
  TABLESPACE "SYSTEM" ;
--------------------------------------------------------
--  DDL for Index TABLE1_PK
--------------------------------------------------------

  CREATE UNIQUE INDEX "SYSTEM"."TABLE1_PK" ON "SYSTEM"."MECIURI" ("MECIID") 
  PCTFREE 10 INITRANS 2 MAXTRANS 255 COMPUTE STATISTICS 
  STORAGE(INITIAL 65536 NEXT 1048576 MINEXTENTS 1 MAXEXTENTS 2147483645
  PCTINCREASE 0 FREELISTS 1 FREELIST GROUPS 1
  BUFFER_POOL DEFAULT FLASH_CACHE DEFAULT CELL_FLASH_CACHE DEFAULT)
  TABLESPACE "SYSTEM" ;
--------------------------------------------------------
--  DDL for Index MECIURIFAVORITE_PK
--------------------------------------------------------

  CREATE UNIQUE INDEX "SYSTEM"."MECIURIFAVORITE_PK" ON "SYSTEM"."MECIURIFAVORITE" ("MECIID") 
  PCTFREE 10 INITRANS 2 MAXTRANS 255 COMPUTE STATISTICS 
  STORAGE(INITIAL 65536 NEXT 1048576 MINEXTENTS 1 MAXEXTENTS 2147483645
  PCTINCREASE 0 FREELISTS 1 FREELIST GROUPS 1
  BUFFER_POOL DEFAULT FLASH_CACHE DEFAULT CELL_FLASH_CACHE DEFAULT)
  TABLESPACE "SYSTEM" ;
--------------------------------------------------------
--  DDL for Index STADIOANE_PK
--------------------------------------------------------

  CREATE UNIQUE INDEX "SYSTEM"."STADIOANE_PK" ON "SYSTEM"."STADIOANE" ("STADIONID") 
  PCTFREE 10 INITRANS 2 MAXTRANS 255 COMPUTE STATISTICS 
  STORAGE(INITIAL 65536 NEXT 1048576 MINEXTENTS 1 MAXEXTENTS 2147483645
  PCTINCREASE 0 FREELISTS 1 FREELIST GROUPS 1
  BUFFER_POOL DEFAULT FLASH_CACHE DEFAULT CELL_FLASH_CACHE DEFAULT)
  TABLESPACE "SYSTEM" ;
--------------------------------------------------------
--  Constraints for Table ANTRENORI
--------------------------------------------------------

  ALTER TABLE "SYSTEM"."ANTRENORI" MODIFY ("ANTRENORID" NOT NULL ENABLE);
  ALTER TABLE "SYSTEM"."ANTRENORI" ADD CONSTRAINT "ANTRENORI_PK" PRIMARY KEY ("ANTRENORID")
  USING INDEX PCTFREE 10 INITRANS 2 MAXTRANS 255 COMPUTE STATISTICS 
  STORAGE(INITIAL 65536 NEXT 1048576 MINEXTENTS 1 MAXEXTENTS 2147483645
  PCTINCREASE 0 FREELISTS 1 FREELIST GROUPS 1
  BUFFER_POOL DEFAULT FLASH_CACHE DEFAULT CELL_FLASH_CACHE DEFAULT)
  TABLESPACE "SYSTEM"  ENABLE;
  ALTER TABLE "SYSTEM"."ANTRENORI" ADD CONSTRAINT "CHECK_VARSTA" CHECK (VARSTA >= 0) ENABLE;
--------------------------------------------------------
--  Constraints for Table CAPITANI
--------------------------------------------------------

  ALTER TABLE "SYSTEM"."CAPITANI" MODIFY ("CAPITANID" NOT NULL ENABLE);
  ALTER TABLE "SYSTEM"."CAPITANI" MODIFY ("VARSTA" NOT NULL ENABLE);
  ALTER TABLE "SYSTEM"."CAPITANI" ADD CONSTRAINT "CAPITANI_PK" PRIMARY KEY ("CAPITANID")
  USING INDEX PCTFREE 10 INITRANS 2 MAXTRANS 255 COMPUTE STATISTICS 
  STORAGE(INITIAL 65536 NEXT 1048576 MINEXTENTS 1 MAXEXTENTS 2147483645
  PCTINCREASE 0 FREELISTS 1 FREELIST GROUPS 1
  BUFFER_POOL DEFAULT FLASH_CACHE DEFAULT CELL_FLASH_CACHE DEFAULT)
  TABLESPACE "SYSTEM"  ENABLE;
  ALTER TABLE "SYSTEM"."CAPITANI" MODIFY ("NUME" NOT NULL ENABLE);
--------------------------------------------------------
--  Constraints for Table ECHIPE
--------------------------------------------------------

  ALTER TABLE "SYSTEM"."ECHIPE" MODIFY ("GRUPAID" NOT NULL ENABLE);
  ALTER TABLE "SYSTEM"."ECHIPE" MODIFY ("DENUMIRETARA" NOT NULL ENABLE);
  ALTER TABLE "SYSTEM"."ECHIPE" MODIFY ("ANTRENORID" NOT NULL ENABLE);
  ALTER TABLE "SYSTEM"."ECHIPE" ADD CONSTRAINT "CHECK_CELMAIBUNREZULTAT" CHECK (CELMAIBUNREZULTAT IN('FAZA GRUPELOR', 'OPTIMI', 'SFERTURI', 'SEMIFINALA', 'FINALA')) ENABLE;
  ALTER TABLE "SYSTEM"."ECHIPE" MODIFY ("ECHIPAID" NOT NULL ENABLE);
  ALTER TABLE "SYSTEM"."ECHIPE" ADD CONSTRAINT "ECHIPE_PK" PRIMARY KEY ("ECHIPAID")
  USING INDEX PCTFREE 10 INITRANS 2 MAXTRANS 255 COMPUTE STATISTICS 
  STORAGE(INITIAL 65536 NEXT 1048576 MINEXTENTS 1 MAXEXTENTS 2147483645
  PCTINCREASE 0 FREELISTS 1 FREELIST GROUPS 1
  BUFFER_POOL DEFAULT FLASH_CACHE DEFAULT CELL_FLASH_CACHE DEFAULT)
  TABLESPACE "SYSTEM"  ENABLE;
--------------------------------------------------------
--  Constraints for Table GRUPE
--------------------------------------------------------

  ALTER TABLE "SYSTEM"."GRUPE" MODIFY ("GRUPAID" NOT NULL ENABLE);
  ALTER TABLE "SYSTEM"."GRUPE" MODIFY ("DENUMIRE" NOT NULL ENABLE);
  ALTER TABLE "SYSTEM"."GRUPE" ADD CONSTRAINT "GRUPE_PK" PRIMARY KEY ("GRUPAID")
  USING INDEX PCTFREE 10 INITRANS 2 MAXTRANS 255 COMPUTE STATISTICS 
  STORAGE(INITIAL 65536 NEXT 1048576 MINEXTENTS 1 MAXEXTENTS 2147483645
  PCTINCREASE 0 FREELISTS 1 FREELIST GROUPS 1
  BUFFER_POOL DEFAULT FLASH_CACHE DEFAULT CELL_FLASH_CACHE DEFAULT)
  TABLESPACE "SYSTEM"  ENABLE;
--------------------------------------------------------
--  Constraints for Table MECIURI
--------------------------------------------------------

  ALTER TABLE "SYSTEM"."MECIURI" ADD CONSTRAINT "CHECK_TIPMECI" CHECK (TIPMECI IN('OPTIMI', 'SFERTURI', 'SEMIFINALE', 'FINALA MICA', 'FINALA')) ENABLE;
  ALTER TABLE "SYSTEM"."MECIURI" MODIFY ("MECIID" NOT NULL ENABLE);
  ALTER TABLE "SYSTEM"."MECIURI" MODIFY ("STADIONID" NOT NULL ENABLE);
  ALTER TABLE "SYSTEM"."MECIURI" MODIFY ("ECHIPA1ID" NOT NULL ENABLE);
  ALTER TABLE "SYSTEM"."MECIURI" MODIFY ("ECHIPA2ID" NOT NULL ENABLE);
  ALTER TABLE "SYSTEM"."MECIURI" MODIFY ("ECHIPA1SCOR" NOT NULL ENABLE);
  ALTER TABLE "SYSTEM"."MECIURI" MODIFY ("ECHIPA2SCOR" NOT NULL ENABLE);
  ALTER TABLE "SYSTEM"."MECIURI" ADD CONSTRAINT "TABLE1_PK" PRIMARY KEY ("MECIID")
  USING INDEX PCTFREE 10 INITRANS 2 MAXTRANS 255 COMPUTE STATISTICS 
  STORAGE(INITIAL 65536 NEXT 1048576 MINEXTENTS 1 MAXEXTENTS 2147483645
  PCTINCREASE 0 FREELISTS 1 FREELIST GROUPS 1
  BUFFER_POOL DEFAULT FLASH_CACHE DEFAULT CELL_FLASH_CACHE DEFAULT)
  TABLESPACE "SYSTEM"  ENABLE;
--------------------------------------------------------
--  Constraints for Table MECIURIFAVORITE
--------------------------------------------------------

  ALTER TABLE "SYSTEM"."MECIURIFAVORITE" MODIFY ("MECIID" NOT NULL ENABLE);
  ALTER TABLE "SYSTEM"."MECIURIFAVORITE" ADD CONSTRAINT "MECIURIFAVORITE_PK" PRIMARY KEY ("MECIID")
  USING INDEX PCTFREE 10 INITRANS 2 MAXTRANS 255 COMPUTE STATISTICS 
  STORAGE(INITIAL 65536 NEXT 1048576 MINEXTENTS 1 MAXEXTENTS 2147483645
  PCTINCREASE 0 FREELISTS 1 FREELIST GROUPS 1
  BUFFER_POOL DEFAULT FLASH_CACHE DEFAULT CELL_FLASH_CACHE DEFAULT)
  TABLESPACE "SYSTEM"  ENABLE;
--------------------------------------------------------
--  Constraints for Table STADIOANE
--------------------------------------------------------

  ALTER TABLE "SYSTEM"."STADIOANE" MODIFY ("CAPACITATE" NOT NULL ENABLE);
  ALTER TABLE "SYSTEM"."STADIOANE" ADD CONSTRAINT "STADIOANE_PK" PRIMARY KEY ("STADIONID")
  USING INDEX PCTFREE 10 INITRANS 2 MAXTRANS 255 COMPUTE STATISTICS 
  STORAGE(INITIAL 65536 NEXT 1048576 MINEXTENTS 1 MAXEXTENTS 2147483645
  PCTINCREASE 0 FREELISTS 1 FREELIST GROUPS 1
  BUFFER_POOL DEFAULT FLASH_CACHE DEFAULT CELL_FLASH_CACHE DEFAULT)
  TABLESPACE "SYSTEM"  ENABLE;
--------------------------------------------------------
--  Ref Constraints for Table ECHIPE
--------------------------------------------------------

  ALTER TABLE "SYSTEM"."ECHIPE" ADD CONSTRAINT "GRUPAID" FOREIGN KEY ("GRUPAID")
	  REFERENCES "SYSTEM"."GRUPE" ("GRUPAID") ENABLE;
  ALTER TABLE "SYSTEM"."ECHIPE" ADD CONSTRAINT "ECHIPE_FK1" FOREIGN KEY ("ANTRENORID")
	  REFERENCES "SYSTEM"."ANTRENORI" ("ANTRENORID") ENABLE;
  ALTER TABLE "SYSTEM"."ECHIPE" ADD CONSTRAINT "ECHIPE_FK2" FOREIGN KEY ("CAPITANID")
	  REFERENCES "SYSTEM"."CAPITANI" ("CAPITANID") ENABLE;
--------------------------------------------------------
--  Ref Constraints for Table MECIURI
--------------------------------------------------------

  ALTER TABLE "SYSTEM"."MECIURI" ADD CONSTRAINT "STADIONID" FOREIGN KEY ("STADIONID")
	  REFERENCES "SYSTEM"."STADIOANE" ("STADIONID") ENABLE;
  ALTER TABLE "SYSTEM"."MECIURI" ADD CONSTRAINT "ECHIPA1ID" FOREIGN KEY ("ECHIPA1ID")
	  REFERENCES "SYSTEM"."ECHIPE" ("ECHIPAID") ENABLE;
  ALTER TABLE "SYSTEM"."MECIURI" ADD CONSTRAINT "ECHIPA2ID" FOREIGN KEY ("ECHIPA2ID")
	  REFERENCES "SYSTEM"."ECHIPE" ("ECHIPAID") ENABLE;
--------------------------------------------------------
--  Ref Constraints for Table MECIURIFAVORITE
--------------------------------------------------------

  ALTER TABLE "SYSTEM"."MECIURIFAVORITE" ADD CONSTRAINT "MECIURIFAVORITE_FK1" FOREIGN KEY ("STADIONID")
	  REFERENCES "SYSTEM"."STADIOANE" ("STADIONID") ENABLE;
  ALTER TABLE "SYSTEM"."MECIURIFAVORITE" ADD CONSTRAINT "MECIURIFAVORITE_FK2" FOREIGN KEY ("ECHIPA1ID")
	  REFERENCES "SYSTEM"."ECHIPE" ("ECHIPAID") ENABLE;
  ALTER TABLE "SYSTEM"."MECIURIFAVORITE" ADD CONSTRAINT "MECIURIFAVORITE_FK3" FOREIGN KEY ("ECHIPA2ID")
	  REFERENCES "SYSTEM"."ECHIPE" ("ECHIPAID") ENABLE;
